{"cameraMode":{"drawMode":0,"name":"Shaded","section":"Shading Mode"},"sceneLighting":false,"audioPlay":false,"sceneViewState":{"showFog":true,"showMaterialUpdate":false,"showSkybox":false,"showFlares":true,"showImageEffects":true,"showParticleSystems":true},"in2DMode":false,"pivot":{"x":0.4199831485748291,"y":-6.827569961547852,"z":21.11589241027832},"rotation":{"x":0.022492390125989915,"y":-0.02249246835708618,"z":0.0005061794654466212,"w":0.9994935989379883},"size":16.705007553100587,"orthographic":false}