{"cameraMode":{"drawMode":0,"name":"Shaded","section":"Shading Mode"},"sceneLighting":false,"audioPlay":false,"sceneViewState":{"showFog":true,"showMaterialUpdate":false,"showSkybox":false,"showFlares":true,"showImageEffects":true,"showParticleSystems":true},"in2DMode":false,"pivot":{"x":-56.906253814697269,"y":-7.067104339599609,"z":170.18174743652345},"rotation":{"x":0.022492390125989915,"y":-0.02249246835708618,"z":0.0005061794654466212,"w":0.9994935989379883},"size":4.282995700836182,"orthographic":false}