{"cameraMode":{"drawMode":0,"name":"Shaded","section":"Shading Mode"},"sceneLighting":false,"audioPlay":false,"sceneViewState":{"showFog":true,"showMaterialUpdate":false,"showSkybox":false,"showFlares":true,"showImageEffects":true,"showParticleSystems":true},"in2DMode":false,"pivot":{"x":0.15024936199188233,"y":1.2507609128952027,"z":-0.1598367691040039},"rotation":{"x":0.022492390125989915,"y":-0.02249246835708618,"z":0.0005061794654466212,"w":0.9994935989379883},"size":2.410188674926758,"orthographic":false}